<?xml version="1.0"?>
<Runs Version="1" Minor="0">
	<Run Id="blk_mem_gen_1_synth_1" LaunchDir="D:/GUC/Semester_10/Advanced Microelectronics Lab/Sessions/Session 2/Car_Game/Car_Game.runs/blk_mem_gen_1_synth_1" FlowId="Vivado_Synthesis" FromStepId="vivado" ToStepId="vivado"/>
	<Run Id="synth_1" LaunchDir="D:/GUC/Semester_10/Advanced Microelectronics Lab/Sessions/Session 2/Car_Game/Car_Game.runs/synth_1" FlowId="Vivado_Synthesis" FromStepId="vivado" ToStepId="vivado">
		<Parent Id="blk_mem_gen_1_synth_1"/>
	</Run>
	<Run Id="impl_1" LaunchDir="D:/GUC/Semester_10/Advanced Microelectronics Lab/Sessions/Session 2/Car_Game/Car_Game.runs/impl_1" FlowId="Vivado_Implementation" FromStepId="init_design" ToStepId="write_bitstream">
		<Parent Id="synth_1"/>
		<Parent Id="blk_mem_gen_1_synth_1"/>
	</Run>
	<Parameters>
		<Parameter Name="runs.monitorLSFJobs" Val="true" Type="bool"/>
		<Parameter Name="runs.enableClusterConf" Val="true" Type="bool"/>
	</Parameters>
</Runs>

