<?xml version="1.0" encoding="UTF-8"?>
<GenRun Id="impl_1" LaunchPart="xc7a35tcpg236-1" LaunchTime="1710374130">
  <File Type="BITSTR-BMM" Name="Car_Game_bd.bmm"/>
  <File Type="OPT-METHODOLOGY-DRC" Name="Car_Game_methodology_drc_opted.rpt"/>
  <File Type="INIT-TIMING" Name="Car_Game_timing_summary_init.rpt"/>
  <File Type="ROUTE-PWR" Name="Car_Game_power_routed.rpt"/>
  <File Type="PA-TCL" Name="Car_Game.tcl"/>
  <File Type="OPT-TIMING" Name="Car_Game_timing_summary_opted.rpt"/>
  <File Type="OPT-DCP" Name="Car_Game_opt.dcp"/>
  <File Type="ROUTE-PWR-SUM" Name="Car_Game_power_summary_routed.pb"/>
  <File Type="REPORTS-TCL" Name="Car_Game_reports.tcl"/>
  <File Type="OPT-DRC" Name="Car_Game_drc_opted.rpt"/>
  <File Type="OPT-HWDEF" Name="Car_Game.hwdef"/>
  <File Type="PWROPT-DCP" Name="Car_Game_pwropt.dcp"/>
  <File Type="PWROPT-DRC" Name="Car_Game_drc_pwropted.rpt"/>
  <File Type="PWROPT-TIMING" Name="Car_Game_timing_summary_pwropted.rpt"/>
  <File Type="PLACE-DCP" Name="Car_Game_placed.dcp"/>
  <File Type="PLACE-IO" Name="Car_Game_io_placed.rpt"/>
  <File Type="PLACE-CLK" Name="Car_Game_clock_utilization_placed.rpt"/>
  <File Type="PLACE-UTIL" Name="Car_Game_utilization_placed.rpt"/>
  <File Type="PLACE-UTIL-PB" Name="Car_Game_utilization_placed.pb"/>
  <File Type="PLACE-CTRL" Name="Car_Game_control_sets_placed.rpt"/>
  <File Type="PLACE-SIMILARITY" Name="Car_Game_incremental_reuse_placed.rpt"/>
  <File Type="PLACE-PRE-SIMILARITY" Name="Car_Game_incremental_reuse_pre_placed.rpt"/>
  <File Type="PLACE-TIMING" Name="Car_Game_timing_summary_placed.rpt"/>
  <File Type="POSTPLACE-PWROPT-DCP" Name="Car_Game_postplace_pwropt.dcp"/>
  <File Type="BG-BIN" Name="Car_Game.bin"/>
  <File Type="POSTPLACE-PWROPT-TIMING" Name="Car_Game_timing_summary_postplace_pwropted.rpt"/>
  <File Type="PHYSOPT-DCP" Name="Car_Game_physopt.dcp"/>
  <File Type="PHYSOPT-DRC" Name="Car_Game_drc_physopted.rpt"/>
  <File Type="BITSTR-MSK" Name="Car_Game.msk"/>
  <File Type="PHYSOPT-TIMING" Name="Car_Game_timing_summary_physopted.rpt"/>
  <File Type="ROUTE-ERROR-DCP" Name="Car_Game_routed_error.dcp"/>
  <File Type="ROUTE-DCP" Name="Car_Game_routed.dcp"/>
  <File Type="ROUTE-BLACKBOX-DCP" Name="Car_Game_routed_bb.dcp"/>
  <File Type="ROUTE-DRC" Name="Car_Game_drc_routed.rpt"/>
  <File Type="ROUTE-DRC-PB" Name="Car_Game_drc_routed.pb"/>
  <File Type="ROUTE-DRC-RPX" Name="Car_Game_drc_routed.rpx"/>
  <File Type="BITSTR-MMI" Name="Car_Game.mmi"/>
  <File Type="ROUTE-METHODOLOGY-DRC" Name="Car_Game_methodology_drc_routed.rpt"/>
  <File Type="ROUTE-METHODOLOGY-DRC-RPX" Name="Car_Game_methodology_drc_routed.rpx"/>
  <File Type="ROUTE-METHODOLOGY-DRC-PB" Name="Car_Game_methodology_drc_routed.pb"/>
  <File Type="ROUTE-PWR-RPX" Name="Car_Game_power_routed.rpx"/>
  <File Type="ROUTE-STATUS" Name="Car_Game_route_status.rpt"/>
  <File Type="ROUTE-STATUS-PB" Name="Car_Game_route_status.pb"/>
  <File Type="ROUTE-TIMINGSUMMARY" Name="Car_Game_timing_summary_routed.rpt"/>
  <File Type="ROUTE-TIMING-PB" Name="Car_Game_timing_summary_routed.pb"/>
  <File Type="ROUTE-TIMING-RPX" Name="Car_Game_timing_summary_routed.rpx"/>
  <File Type="ROUTE-SIMILARITY" Name="Car_Game_incremental_reuse_routed.rpt"/>
  <File Type="ROUTE-CLK" Name="Car_Game_clock_utilization_routed.rpt"/>
  <File Type="ROUTE-BUS-SKEW" Name="Car_Game_bus_skew_routed.rpt"/>
  <File Type="ROUTE-BUS-SKEW-PB" Name="Car_Game_bus_skew_routed.pb"/>
  <File Type="ROUTE-BUS-SKEW-RPX" Name="Car_Game_bus_skew_routed.rpx"/>
  <File Type="POSTROUTE-PHYSOPT-DCP" Name="Car_Game_postroute_physopt.dcp"/>
  <File Type="POSTROUTE-PHYSOPT-BLACKBOX-DCP" Name="Car_Game_postroute_physopt_bb.dcp"/>
  <File Type="POSTROUTE-PHYSOPT-TIMING" Name="Car_Game_timing_summary_postroute_physopted.rpt"/>
  <File Type="POSTROUTE-PHYSOPT-TIMING-PB" Name="Car_Game_timing_summary_postroute_physopted.pb"/>
  <File Type="POSTROUTE-PHYSOPT-TIMING-RPX" Name="Car_Game_timing_summary_postroute_physopted.rpx"/>
  <File Type="POSTROUTE-PHYSOPT-BUS-SKEW" Name="Car_Game_bus_skew_postroute_physopted.rpt"/>
  <File Type="POSTROUTE-PHYSOPT-BUS-SKEW-PB" Name="Car_Game_bus_skew_postroute_physopted.pb"/>
  <File Type="BG-BIT" Name="Car_Game.bit"/>
  <File Type="POSTROUTE-PHYSOPT-BUS-SKEW-RPX" Name="Car_Game_bus_skew_postroute_physopted.rpx"/>
  <File Type="BITSTR-RBT" Name="Car_Game.rbt"/>
  <File Type="BITSTR-NKY" Name="Car_Game.nky"/>
  <File Type="PDI-FILE" Name="Car_Game.pdi"/>
  <File Type="RCFI_FILE" Name="Car_Game.rcfi"/>
  <File Type="CFI_FILE" Name="Car_Game.cfi"/>
  <File Type="RNPI_FILE" Name="Car_Game.rnpi"/>
  <File Type="NPI_FILE" Name="Car_Game.npi"/>
  <File Type="RBD_FILE" Name="Car_Game.rbd"/>
  <File Type="BITSTR-LTX" Name="debug_nets.ltx"/>
  <File Type="BITSTR-LTX" Name="Car_Game.ltx"/>
  <File Type="BITSTR-SYSDEF" Name="Car_Game.sysdef"/>
  <File Type="BG-BGN" Name="Car_Game.bgn"/>
  <File Type="BG-DRC" Name="Car_Game.drc"/>
  <File Type="RDI-RDI" Name="Car_Game.vdi"/>
  <File Type="WBT-USG" Name="usage_statistics_webtalk.html"/>
  <FileSet Name="sources" Type="DesignSrcs" RelSrcDir="$PSRCDIR/sources_1">
    <Filter Type="Srcs"/>
    <File Path="$PSRCDIR/sources_1/new/Car_Game.vhd">
      <FileInfo>
        <Attr Name="UsedIn" Val="synthesis"/>
        <Attr Name="UsedIn" Val="simulation"/>
      </FileInfo>
    </File>
    <File Path="$PPRDIR/image33.coe">
      <FileInfo>
        <Attr Name="UsedIn" Val="synthesis"/>
        <Attr Name="UsedIn" Val="simulation"/>
      </FileInfo>
    </File>
    <File Path="$PPRDIR/Road.coe">
      <FileInfo>
        <Attr Name="UsedIn" Val="synthesis"/>
        <Attr Name="UsedIn" Val="simulation"/>
      </FileInfo>
    </File>
    <File Path="$PPRDIR/Car.coe">
      <FileInfo>
        <Attr Name="UsedIn" Val="synthesis"/>
        <Attr Name="UsedIn" Val="simulation"/>
      </FileInfo>
    </File>
    <File Path="$PPRDIR/Car_Obstacle.coe">
      <FileInfo>
        <Attr Name="UsedIn" Val="synthesis"/>
        <Attr Name="UsedIn" Val="simulation"/>
      </FileInfo>
    </File>
    <File Path="$PPRDIR/Codes/ps2_keyboard_to_ascii.vhd">
      <FileInfo>
        <Attr Name="UserDisabled" Val="1"/>
        <Attr Name="UsedIn" Val="synthesis"/>
        <Attr Name="UsedIn" Val="simulation"/>
      </FileInfo>
    </File>
    <File Path="$PPRDIR/Codes/font_rom.vhd">
      <FileInfo>
        <Attr Name="UserDisabled" Val="1"/>
        <Attr Name="UsedIn" Val="synthesis"/>
        <Attr Name="UsedIn" Val="simulation"/>
      </FileInfo>
    </File>
    <File Path="$PSRCDIR/sources_1/new/ps2_keyboard.vhd">
      <FileInfo>
        <Attr Name="UserDisabled" Val="1"/>
        <Attr Name="UsedIn" Val="synthesis"/>
        <Attr Name="UsedIn" Val="simulation"/>
      </FileInfo>
    </File>
    <Config>
      <Option Name="DesignMode" Val="RTL"/>
      <Option Name="TopModule" Val="Car_Game"/>
      <Option Name="TopAutoSet" Val="TRUE"/>
    </Config>
  </FileSet>
  <FileSet Name="constrs_in" Type="Constrs" RelSrcDir="$PSRCDIR/constrs_1">
    <Filter Type="Constrs"/>
    <File Path="$PPRDIR/Basys-3-Master-NoInputs.xdc">
      <FileInfo>
        <Attr Name="UsedIn" Val="synthesis"/>
        <Attr Name="UsedIn" Val="implementation"/>
      </FileInfo>
    </File>
    <Config>
      <Option Name="ConstrsType" Val="XDC"/>
    </Config>
  </FileSet>
  <FileSet Name="utils" Type="Utils" RelSrcDir="$PSRCDIR/utils_1">
    <Filter Type="Utils"/>
    <Config>
      <Option Name="TopAutoSet" Val="TRUE"/>
    </Config>
  </FileSet>
  <Strategy Version="1" Minor="2">
    <StratHandle Name="Vivado Implementation Defaults" Flow="Vivado Implementation 2020"/>
    <Step Id="init_design"/>
    <Step Id="opt_design"/>
    <Step Id="power_opt_design"/>
    <Step Id="place_design"/>
    <Step Id="post_place_power_opt_design"/>
    <Step Id="phys_opt_design"/>
    <Step Id="route_design"/>
    <Step Id="post_route_phys_opt_design"/>
    <Step Id="write_bitstream"/>
  </Strategy>
  <BlockFileSet Type="BlockSrcs" Name="blk_mem_gen_0"/>
  <BlockFileSet Type="BlockSrcs" Name="blk_mem_gen_1"/>
  <BlockFileSet Type="BlockSrcs" Name="blk_mem_gen_2"/>
</GenRun>
